ID,Full Name,Birth Date,Formatted Date
1,John Smith,1/1/2000,1-Jan-00
2,Mary Johnson,1/2/1983,2-Jan-83
3,James Williams,1/3/1980,3-Jan-80
4,Patricia Brown,1/4/2003,4-Jan-03
5,Robert Jones,1/5/1988,5-Jan-88
6,Jennifer Garcia,1/6/1987,6-Jan-87
7,Michael Miller,1/7/1987,7-Jan-87
8,Linda Davis,1/8/1984,8-Jan-84
9,William Rodriguez,1/9/2003,9-Jan-03
10,Elizabeth Martinez,1/10/1983,10-Jan-83
11,David Hernandez,1/11/2001,11-Jan-01
12,Barbara Lopez,1/12/2003,12-Jan-03
13,Richard Gonzalez,1/13/1997,13-Jan-97
14,Susan Wilson,1/14/1982,14-Jan-82
15,Joseph Anderson,1/15/1998,15-Jan-98
16,Jessica Thomas,1/16/1993,16-Jan-93
17,Thomas Taylor,1/17/1981,17-Jan-81
18,Sarah Moore,1/18/1980,18-Jan-80
19,Charles Jackson,1/19/1982,19-Jan-82
20,Karen Martin,1/20/1986,20-Jan-86
21,Christopher Lee,1/21/1987,21-Jan-87
22,Nancy Perez,1/22/1996,22-Jan-96
23,Daniel Thompson,1/23/1999,23-Jan-99
24,Lisa White,1/24/1980,24-Jan-80
25,Matthew Harris,1/25/1997,25-Jan-97
26,Betty Sanchez,1/26/1986,26-Jan-86
27,Anthony Clark,1/27/2002,27-Jan-02
28,Margaret Ramirez,1/28/2000,28-Jan-00
29,Mark Lewis,1/29/2002,29-Jan-02
30,Sandra Robinson,1/30/1997,30-Jan-97
31,Steven Walker,1/31/1993,31-Jan-93
32,Ashley Young,2/1/1987,1-Feb-87
33,Paul Allen,2/2/1994,2-Feb-94
34,Kimberly King,2/3/1998,3-Feb-98
35,Andrew Wright,2/4/1988,4-Feb-88
36,Emily Scott,2/5/2005,5-Feb-05
37,Joshua Torres,2/6/1980,6-Feb-80
38,Donna Nguyen,2/7/2004,7-Feb-04
39,Kenneth Hill,2/8/2005,8-Feb-05
40,Michelle Flores,2/9/1985,9-Feb-85
41,Kevin Smith,2/10/2002,10-Feb-02
42,Carol Johnson,2/11/1993,11-Feb-93
43,Brian Williams,2/12/1990,12-Feb-90
44,Amanda Brown,2/13/1988,13-Feb-88
45,George Jones,2/14/1984,14-Feb-84
46,Dorothy Garcia,2/15/1986,15-Feb-86
47,Timothy Miller,2/16/2004,16-Feb-04
48,Melissa Davis,2/17/1990,17-Feb-90
49,John Rodriguez,2/18/1983,18-Feb-83
50,Mary Martinez,2/19/1982,19-Feb-82
51,James Hernandez,2/20/1992,20-Feb-92
52,Patricia Lopez,2/21/1983,21-Feb-83
53,Robert Gonzalez,2/22/1991,22-Feb-91
54,Jennifer Wilson,2/23/1991,23-Feb-91
55,Michael Anderson,2/24/1999,24-Feb-99
56,Linda Thomas,2/25/1988,25-Feb-88
57,William Taylor,2/26/2005,26-Feb-05
58,Elizabeth Moore,2/27/1981,27-Feb-81
59,David Jackson,2/28/2003,28-Feb-03
60,Barbara Martin,2/29/1992,29-Feb-92
61,Richard Lee,3/1/1997,1-Mar-97
62,Susan Perez,3/2/1983,2-Mar-83
63,Joseph Thompson,3/3/1992,3-Mar-92
64,Jessica White,3/4/1982,4-Mar-82
65,Thomas Harris,3/5/1997,5-Mar-97
66,Sarah Sanchez,3/6/1989,6-Mar-89
67,Charles Clark,3/7/2000,7-Mar-00
68,Karen Ramirez,3/8/1999,8-Mar-99
69,Christopher Lewis,3/9/1991,9-Mar-91
70,Nancy Robinson,3/10/1998,10-Mar-98
71,Daniel Walker,3/11/1986,11-Mar-86
72,Lisa Young,3/12/2002,12-Mar-02
73,Matthew Allen,3/13/1982,13-Mar-82
74,Betty King,3/14/1981,14-Mar-81
75,Anthony Wright,3/15/2001,15-Mar-01
76,Margaret Scott,3/16/1987,16-Mar-87
77,Mark Torres,3/17/2004,17-Mar-04
78,Sandra Nguyen,3/18/1989,18-Mar-89
79,Steven Hill,3/19/1982,19-Mar-82
80,Ashley Flores,3/20/1987,20-Mar-87
81,Paul Smith,3/21/1983,21-Mar-83
82,Kimberly Johnson,3/22/1992,22-Mar-92
83,Andrew Williams,3/23/1988,23-Mar-88
84,Emily Brown,3/24/1994,24-Mar-94
85,Joshua Jones,3/25/2000,25-Mar-00
86,Donna Garcia,3/26/1991,26-Mar-91
87,Kenneth Miller,3/27/1985,27-Mar-85
88,Michelle Davis,3/28/1991,28-Mar-91
89,Kevin Rodriguez,3/29/1991,29-Mar-91
90,Carol Martinez,3/30/1986,30-Mar-86
91,Brian Hernandez,3/31/2001,31-Mar-01
92,Amanda Lopez,4/1/1988,1-Apr-88
93,George Gonzalez,4/2/2002,2-Apr-02
94,Dorothy Wilson,4/3/2001,3-Apr-01
95,Timothy Anderson,4/4/2000,4-Apr-00
96,Melissa Thomas,4/5/1982,5-Apr-82
97,John Taylor,4/6/1999,6-Apr-99
98,Mary Moore,4/7/2000,7-Apr-00
99,James Jackson,4/8/1985,8-Apr-85
100,Patricia Martin,4/9/1997,9-Apr-97
101,Robert Lee,4/10/2003,10-Apr-03
102,Jennifer Perez,4/11/1987,11-Apr-87
103,Michael Thompson,4/12/1985,12-Apr-85
104,Linda White,4/13/1994,13-Apr-94
105,William Harris,4/14/1992,14-Apr-92
106,Elizabeth Sanchez,4/15/1988,15-Apr-88
107,David Clark,4/16/2000,16-Apr-00
108,Barbara Ramirez,4/17/2002,17-Apr-02
109,Richard Lewis,4/18/1997,18-Apr-97
110,Susan Robinson,4/19/1987,19-Apr-87
111,Joseph Walker,4/20/2001,20-Apr-01
112,Jessica Young,4/21/1990,21-Apr-90
113,Thomas Allen,4/22/2004,22-Apr-04
114,Sarah King,4/23/2004,23-Apr-04
115,Charles Wright,4/24/1981,24-Apr-81
116,Karen Scott,4/25/1987,25-Apr-87
117,Christopher Torres,4/26/1981,26-Apr-81
118,Nancy Nguyen,4/27/2005,27-Apr-05
119,Daniel Hill,4/28/1990,28-Apr-90
120,Lisa Flores,4/29/1992,29-Apr-92
121,Matthew Smith,4/30/1988,30-Apr-88
122,Betty Johnson,5/1/1982,1-May-82
123,Anthony Williams,5/2/1986,2-May-86
124,Margaret Brown,5/3/1998,3-May-98
125,Mark Jones,5/4/2002,4-May-02
126,Sandra Garcia,5/5/1990,5-May-90
127,Steven Miller,5/6/1986,6-May-86
128,Ashley Davis,5/7/2000,7-May-00
129,Paul Rodriguez,5/8/1995,8-May-95
130,Kimberly Martinez,5/9/1992,9-May-92
131,Andrew Hernandez,5/10/2000,10-May-00
132,Emily Lopez,5/11/1994,11-May-94
133,Joshua Gonzalez,5/12/1984,12-May-84
134,Donna Wilson,5/13/1988,13-May-88
135,Kenneth Anderson,5/14/1984,14-May-84
136,Michelle Thomas,5/15/1987,15-May-87
137,Kevin Taylor,5/16/2003,16-May-03
138,Carol Moore,5/17/1997,17-May-97
139,Brian Jackson,5/18/1997,18-May-97
140,Amanda Martin,5/19/1988,19-May-88
141,George Lee,5/20/2003,20-May-03
142,Dorothy Perez,5/21/1998,21-May-98
143,Timothy Thompson,5/22/1993,22-May-93
144,Melissa White,5/23/1998,23-May-98
145,John Harris,5/24/1992,24-May-92
146,Mary Sanchez,5/25/1991,25-May-91
147,James Clark,5/26/1987,26-May-87
148,Patricia Ramirez,5/27/1984,27-May-84
149,Robert Lewis,5/28/1996,28-May-96
150,Jennifer Robinson,5/29/1995,29-May-95
151,Michael Walker,5/30/1982,30-May-82
152,Linda Young,5/31/2004,31-May-04
153,William Allen,6/1/1981,1-Jun-81
154,Elizabeth King,6/2/1983,2-Jun-83
155,David Wright,6/3/1984,3-Jun-84
156,Barbara Scott,6/4/2000,4-Jun-00
157,Richard Torres,6/5/1985,5-Jun-85
158,Susan Nguyen,6/6/2005,6-Jun-05
159,Joseph Hill,6/7/2001,7-Jun-01
160,Jessica Flores,6/8/1993,8-Jun-93
161,Thomas Smith,6/9/1999,9-Jun-99
162,Sarah Johnson,6/10/1982,10-Jun-82
163,Charles Williams,6/11/1992,11-Jun-92
164,Karen Brown,6/12/1992,12-Jun-92
165,Christopher Jones,6/13/1999,13-Jun-99
166,Nancy Garcia,6/14/1994,14-Jun-94
167,Daniel Miller,6/15/1996,15-Jun-96
168,Lisa Davis,6/16/1988,16-Jun-88
169,Matthew Rodriguez,6/17/1997,17-Jun-97
170,Betty Martinez,6/18/1980,18-Jun-80
171,Anthony Hernandez,6/19/2001,19-Jun-01
172,Margaret Lopez,6/20/2003,20-Jun-03
173,Mark Gonzalez,6/21/1983,21-Jun-83
174,Sandra Wilson,6/22/2001,22-Jun-01
175,Steven Anderson,6/23/1997,23-Jun-97
176,Ashley Thomas,6/24/2004,24-Jun-04
177,Paul Taylor,6/25/1988,25-Jun-88
178,Kimberly Moore,6/26/2004,26-Jun-04
179,Andrew Jackson,6/27/2000,27-Jun-00
180,Emily Martin,6/28/1990,28-Jun-90
181,Joshua Lee,6/29/1983,29-Jun-83
182,Donna Perez,6/30/1989,30-Jun-89
183,Kenneth Thompson,7/1/1993,1-Jul-93
184,Michelle White,7/2/1985,2-Jul-85
185,Kevin Harris,7/3/1994,3-Jul-94
186,Carol Sanchez,7/4/1980,4-Jul-80
187,Brian Clark,7/5/2003,5-Jul-03
188,Amanda Ramirez,7/6/2003,6-Jul-03
189,George Lewis,7/7/1988,7-Jul-88
190,Dorothy Robinson,7/8/1996,8-Jul-96
191,Timothy Walker,7/9/2004,9-Jul-04
192,Melissa Young,7/10/1985,10-Jul-85
193,John Allen,7/11/1996,11-Jul-96
194,Mary King,7/12/1983,12-Jul-83
195,James Wright,7/13/2000,13-Jul-00
196,Patricia Scott,7/14/1989,14-Jul-89
197,Robert Torres,7/15/2000,15-Jul-00
198,Jennifer Nguyen,7/16/1996,16-Jul-96
199,Michael Hill,7/17/1999,17-Jul-99
200,Linda Flores,7/18/1986,18-Jul-86
201,William Smith,7/19/1984,19-Jul-84
202,Elizabeth Johnson,7/20/1991,20-Jul-91
203,David Williams,7/21/2004,21-Jul-04
204,Barbara Brown,7/22/1985,22-Jul-85
205,Richard Jones,7/23/1997,23-Jul-97
206,Susan Garcia,7/24/2004,24-Jul-04
207,Joseph Miller,7/25/1996,25-Jul-96
208,Jessica Davis,7/26/1980,26-Jul-80
209,Thomas Rodriguez,7/27/1999,27-Jul-99
210,Sarah Martinez,7/28/1990,28-Jul-90
211,Charles Hernandez,7/29/1995,29-Jul-95
212,Karen Lopez,7/30/1980,30-Jul-80
213,Christopher Gonzalez,7/31/1983,31-Jul-83
214,Nancy Wilson,8/1/1991,1-Aug-91
215,Daniel Anderson,8/2/2005,2-Aug-05
216,Lisa Thomas,8/3/1989,3-Aug-89
217,Matthew Taylor,8/4/1987,4-Aug-87
218,Betty Moore,8/5/1981,5-Aug-81
219,Anthony Jackson,8/6/1987,6-Aug-87
220,Margaret Martin,8/7/1998,7-Aug-98
221,Mark Lee,8/8/1982,8-Aug-82
222,Sandra Perez,8/9/1982,9-Aug-82
223,Steven Thompson,8/10/2003,10-Aug-03
224,Ashley White,8/11/1995,11-Aug-95
225,Paul Harris,8/12/1982,12-Aug-82
226,Kimberly Sanchez,8/13/2004,13-Aug-04
227,Andrew Clark,8/14/1997,14-Aug-97
228,Emily Ramirez,8/15/2004,15-Aug-04
229,Joshua Lewis,8/16/1984,16-Aug-84
230,Donna Robinson,8/17/1984,17-Aug-84
231,Kenneth Walker,8/18/2001,18-Aug-01
232,Michelle Young,8/19/1995,19-Aug-95
233,Kevin Allen,8/20/1997,20-Aug-97
234,Carol King,8/21/1985,21-Aug-85
235,Brian Wright,8/22/1988,22-Aug-88
236,Amanda Scott,8/23/1996,23-Aug-96
237,George Torres,8/24/1999,24-Aug-99
238,Dorothy Nguyen,8/25/1993,25-Aug-93
239,Timothy Hill,8/26/1986,26-Aug-86
240,Melissa Flores,8/27/1997,27-Aug-97
241,John Smith,8/28/2004,28-Aug-04
242,Mary Johnson,8/29/2003,29-Aug-03
243,James Williams,8/30/2002,30-Aug-02
244,Patricia Brown,8/31/1986,31-Aug-86
245,Robert Jones,9/1/2002,1-Sep-02
246,Tanishtha Ki Mummy,9/2/1987,2-Sep-87
247,Jennifer Garcia,9/2/1989,2-Sep-89
248,Michael Miller,9/3/1992,3-Sep-92
249,Linda Davis,9/4/2001,4-Sep-01
250,William Rodriguez,9/5/2000,5-Sep-00
251,Elizabeth Martinez,9/6/1991,6-Sep-91
252,David Hernandez,9/7/1994,7-Sep-94
253,Barbara Lopez,9/8/1996,8-Sep-96
254,Richard Gonzalez,9/9/1994,9-Sep-94
255,Susan Wilson,9/10/1983,10-Sep-83
256,Joseph Anderson,9/11/1987,11-Sep-87
257,Jessica Thomas,9/12/1987,12-Sep-87
258,Thomas Taylor,9/13/1982,13-Sep-82
259,Sarah Moore,9/14/1990,14-Sep-90
260,Charles Jackson,9/15/1980,15-Sep-80
261,Karen Martin,9/16/1998,16-Sep-98
262,Christopher Lee,9/17/1997,17-Sep-97
263,Nancy Perez,9/18/1987,18-Sep-87
264,Daniel Thompson,9/19/1998,19-Sep-98
265,Lisa White,9/20/1987,20-Sep-87
266,Matthew Harris,9/21/1980,21-Sep-80
267,Betty Sanchez,9/22/1982,22-Sep-82
268,Anthony Clark,9/23/2002,23-Sep-02
269,Margaret Ramirez,9/24/2000,24-Sep-00
270,Mark Lewis,9/25/1981,25-Sep-81
271,Sandra Robinson,9/26/1987,26-Sep-87
272,Steven Walker,9/27/1982,27-Sep-82
273,Ashley Young,9/28/1981,28-Sep-81
274,Paul Allen,9/29/1990,29-Sep-90
275,Kimberly King,9/30/1982,30-Sep-82
276,Andrew Wright,10/1/1996,1-Oct-96
277,Emily Scott,10/2/1987,2-Oct-87
278,Joshua Torres,10/3/1988,3-Oct-88
279,Donna Nguyen,10/4/2001,4-Oct-01
280,Kenneth Hill,10/5/1995,5-Oct-95
281,Michelle Flores,10/6/1986,6-Oct-86
282,Kevin Smith,10/7/1997,7-Oct-97
283,Carol Johnson,10/8/1984,8-Oct-84
284,Brian Williams,10/9/2003,9-Oct-03
285,Amanda Brown,10/10/1998,10-Oct-98
286,George Jones,10/11/1998,11-Oct-98
287,Dorothy Garcia,10/12/1995,12-Oct-95
288,Timothy Miller,10/13/1987,13-Oct-87
289,Melissa Davis,10/14/2005,14-Oct-05
290,John Rodriguez,10/15/1995,15-Oct-95
291,Mary Martinez,10/16/2005,16-Oct-05
292,James Hernandez,10/17/1993,17-Oct-93
293,Patricia Lopez,10/18/1986,18-Oct-86
294,Robert Gonzalez,10/19/1983,19-Oct-83
295,Jennifer Wilson,10/20/1983,20-Oct-83
296,Michael Anderson,10/21/2001,21-Oct-01
297,Linda Thomas,10/22/1993,22-Oct-93
298,William Taylor,10/23/1991,23-Oct-91
299,Elizabeth Moore,10/24/1993,24-Oct-93
300,David Jackson,10/25/1993,25-Oct-93
301,Barbara Martin,10/26/1994,26-Oct-94
302,Richard Lee,10/27/2003,27-Oct-03
303,Susan Perez,10/28/1981,28-Oct-81
304,Joseph Thompson,10/29/2001,29-Oct-01
305,Jessica White,10/30/2000,30-Oct-00
306,Thomas Harris,10/31/2000,31-Oct-00
307,Sarah Sanchez,11/1/1983,1-Nov-83
308,Charles Clark,11/2/1981,2-Nov-81
309,Karen Ramirez,11/3/1992,3-Nov-92
310,Christopher Lewis,11/4/2003,4-Nov-03
311,Nancy Robinson,11/5/1990,5-Nov-90
312,Daniel Walker,11/6/2005,6-Nov-05
313,Lisa Young,11/7/1983,7-Nov-83
314,Matthew Allen,11/8/1987,8-Nov-87
315,Betty King,11/9/1986,9-Nov-86
316,Anthony Wright,11/10/1986,10-Nov-86
317,Margaret Scott,11/11/1997,11-Nov-97
318,Mark Torres,11/12/1994,12-Nov-94
319,Sandra Nguyen,11/13/1984,13-Nov-84
320,Steven Hill,11/14/1993,14-Nov-93
321,Ashley Flores,11/15/1985,15-Nov-85
322,Paul Smith,11/16/1988,16-Nov-88
323,Kimberly Johnson,11/17/1994,17-Nov-94
324,Andrew Williams,11/18/1987,18-Nov-87
325,Emily Brown,11/19/1982,19-Nov-82
326,Joshua Jones,11/20/1994,20-Nov-94
327,Donna Garcia,11/21/2005,21-Nov-05
328,Kenneth Miller,11/22/1997,22-Nov-97
329,Michelle Davis,11/23/1983,23-Nov-83
330,Kevin Rodriguez,11/24/1981,24-Nov-81
331,Carol Martinez,11/25/2000,25-Nov-00
332,Brian Hernandez,11/26/1997,26-Nov-97
333,Amanda Lopez,11/27/1980,27-Nov-80
334,George Gonzalez,11/28/1982,28-Nov-82
335,Dorothy Wilson,11/29/2004,29-Nov-04
336,Timothy Anderson,11/30/1987,30-Nov-87
337,Melissa Thomas,12/1/1985,1-Dec-85
338,John Taylor,12/2/1993,2-Dec-93
339,Mary Moore,12/3/1995,3-Dec-95
340,James Jackson,12/4/1995,4-Dec-95
341,Patricia Martin,12/5/1986,5-Dec-86
342,Robert Lee,12/6/1992,6-Dec-92
343,Jennifer Perez,12/7/1981,7-Dec-81
344,Michael Thompson,12/8/1985,8-Dec-85
345,Linda White,12/9/1992,9-Dec-92
346,William Harris,12/10/1980,10-Dec-80
347,Elizabeth Sanchez,12/11/1992,11-Dec-92
348,David Clark,12/12/1988,12-Dec-88
349,Barbara Ramirez,12/13/2005,13-Dec-05
350,Richard Lewis,12/14/2005,14-Dec-05
351,Susan Robinson,12/15/1994,15-Dec-94
352,Joseph Walker,12/16/1989,16-Dec-89
353,Jessica Young,12/17/1993,17-Dec-93
354,Thomas Allen,12/18/2002,18-Dec-02
355,Sarah King,12/19/2003,19-Dec-03
356,Charles Wright,12/20/2005,20-Dec-05
357,Karen Scott,12/21/1997,21-Dec-97
358,Christopher Torres,12/22/2001,22-Dec-01
359,Nancy Nguyen,12/23/2002,23-Dec-02
360,Daniel Hill,12/24/1995,24-Dec-95
361,Lisa Flores,12/25/1984,25-Dec-84
362,Matthew Smith,12/26/1986,26-Dec-86
363,Betty Johnson,12/27/1989,27-Dec-89
364,Anthony Williams,12/28/1986,28-Dec-86
365,Margaret Brown,12/29/1981,29-Dec-81
366,Mark Jones,12/30/1998,30-Dec-98
367,Sandra Garcia,12/31/2003,31-Dec-03
